CATEGORIA_PRODUCTO,CODIGO_PRODUCTO,DESCRIPCION_PRODUCTO,PRECIO_BRUTO_PRODUCTO,IVA_PRODUCTO,PRECIO_IVA_PRODUCTO,CANTIDAD ,TIPO_ITEM
FILTRO ACEITE ,COA-20,DODGE- FIAT -TOYOTA,"13,002",2470.38,"15,472",1,PRODUCTO
FILTRO ACEITE ,CO-52,HYUNDAI -LUV 1.6/2.3,"10,429",1981.51,"12,411",0,PRODUCTO
FILTRO ACEITE ,COA-28,KIA- HYUNDAI- MITSUBICHI-DODGE,"11,340",2154.6,"13,495",1,PRODUCTO
FILTRO ACEITE ,CO-AR9,RENAULT  - MITSUBICHI,"7,506",1426.14,"8,932",3,PRODUCTO
FILTRO ACEITE ,CO-18,CHEVROLET -GEELY-SUZUKI ,"7,500",1425,"8,925",16,PRODUCTO
FILTRO ACEITE ,COA-223,FORD -MAZDA -TOYOTA,"8,529",1620.51,"10,150",0,PRODUCTO
FILTRO ACEITE ,COA-329,FORD,"8,907",1692.33,"10,599",2,PRODUCTO
FILTRO ACEITE ,COA- 111,CHEVROLET  OPTRA - EPICA TRIPTONIC ,"10,342",1964.98,"12,307",0,PRODUCTO
FILTRO ACEITE ,HCX-5566,ACEITE CITROEN. XSARA. KIA. HYUNDAI,"7,320",1390.8,"8,711",5,PRODUCTO
FILTRO ACEITE,PCX-3387,ACEITE (R5) CHEVROLET:AVEO. DAEWO:CIELO,"6,720",1276.8,"7,997",25,PRODUCTO
FILTRO ACEITE ,COA-14476,SPARK,"7,506",1426.14,"8,932",10,PRODUCTO
FILTRO ACEITE ,COA -1402,HONDA -HYUNDAI,"7,694",1461.86,"9,156",4,PRODUCTO
FILTRO ACEITE ,COA-1406,G.VITARA. PATH FINDER. NEW RAV 4,"6,638",1261.22,"7,899",0,PRODUCTO
FILTRO ACEITE ,COA- 1616,CHEVROLET  SAIL,"6,638",1261.22,"7,899",16,PRODUCTO
FILTRO ACEITE ,CO-58,HYUNDAI - KIA  MAZDA -NISSAN,"5,586",1061.34,"6,647",3,PRODUCTO
FILTRO ACEITE,PCX-ZZD2,TOYOTA FORD SKODA VOLSKSWAGEN,"8,160",1550.4,"9,710",10,PRODUCTO
FILTRO ACEITE ,COA-3603,RENAULT  LOGAN- SIMBOL-MEGANNE-TWINGO,"9,330",1772.7,"11,103",0,PRODUCTO
FILTRO ACEITE ,COA -323,MAZDA 323,"10,352",1966.88,"12,319",2,PRODUCTO
FILTRO ACEITE ,COA-4050,CHEVROLET  SAMURAI SUZUKI,"11,713",2225.47,"13,938",4,PRODUCTO
FILTRO ACEITE ,COA-4053,COMB CHEV NPR 59,"8,626",1638.94,"10,265",0,PRODUCTO
FILTRO ACEITE ,COA-113,NISSAN,"7,899",1500.81,"9,400",3,PRODUCTO
FILTRO ACEITE ,COA-372,VOLKSWAGEN- FORD-DAIHATSU,"6,638",1261.22,"7,899",6,PRODUCTO
FILTRO ACEITE ,COPP-85674,FILTRO ACEITE CHEVROLET TRACKER CRUSSER,"8,355",1587.45,"9,942",9,PRODUCTO
FILTRO ACEITE ,PCX-R9,ACEITE RENAULT:9 INJECCION.DUSTER.CLIO (HCX-R9) -,"6,530",1240.7,"7,771",22,PRODUCTO
FILTRO ACEITE,HCX-10060,"CHEVROLET, FORD, DODGE ","9,410",1787.9,"11,198",5,PRODUCTO
FILTRO ACEITE ,CO-A 1C ,FIAT,"8,907",1692.33,"10,599",3,PRODUCTO
FILTRO ACEITE ,COA-4044,CHEVROLET -MITSUBICHI -VOLVO,"13,889",2638.91,"16,528",11,PRODUCTO
FILTRO ACEITE ,HCX 5566, CITROEN XSARA  KIA  HYNDAI ,"7,320",1390.8,"8,711",0,PRODUCTO
FILTRO ACEITE  ,PCX3387,CHE AVEO DAEWO- CIELO ,"6,720",1276.8,"7,997",25,PRODUCTO
FILTRO ACEITE ,MO-58,MOTRIO 86 71  005 907,"6,932",1317.08,"8,249",0,PRODUCTO
FILTRO ACEITE ,MO-3603,MOTRIO 86 71 002 274,"14,482",2751.58,"17,234",0,PRODUCTO
FILTRO ACEITE ,TRO-P2090,ASTRA ECOTEC -CHEVROLET CRUZE,"13,547",2573.93,"16,121",0,PRODUCTO
FILTRO ACEITE ,TRO-742H,SSANGYONG DAEWOO,"13,689",2600.91,"16,290",6,PRODUCTO
FILTRO ACEITE ,TRO-160B,CAPTIVA,"10,341",1964.79,"12,306",0,PRODUCTO
FILTRO ACEITE ,TRO-P068,PEUGEOT,"11,974",2275.06,"14,249",1,PRODUCTO
FILTRO ACEITE ,TRO-178,VOLKSWAGEN-JETTA-GOLF,"8,986",1707.34,"10,693",6,PRODUCTO
FILTRO ACEITE ,TRO-R6,PEUGEOT,"15,092",2867.48,"17,959",2,PRODUCTO
FILTRO ACEITE ,TRO-P089,CHEVROLET CAPTIVA HHR 2009-2011,"17,784",3378.96,"21,163",2,PRODUCTO
FILTRO ACEITE ,TRO-4056,FILTRO ACEITE PEUGEOT,"10,539",2002.41,"12,541",3,PRODUCTO
FILTRO ACEITE ,FL-500S,FORD ESCAPE MOTORCRAF,"25,993",4938.67,"30,932",0,PRODUCTO
FILTRO ACEITE ,FL-910S,FORD ECO SPORT MOTORCRAFT,"23,983",4556.77,"28,540",0,PRODUCTO
FILTRO ACEITE ,FLP-471,CHEVROLET  D MAX NH RREWARD,"14,560",2766.4,"17,326",0,PRODUCTO
FILTRO ACEITE ,PCX6607,ACEITE MAZDA MITSUBISCHI  HYUNDAI,"7,068",1342.92,"8,411",28,PRODUCTO
FILTRO ACEITE ,P346/1,,0,0,0,0,PRODUCTO
FILTRO ACEITE,1J910032,,,0,0,1,PRODUCTO
FILTRO ACEITE ,OLP-126,FIAT -JEEP  RENEGADE -MINI COOPER,"16,705",3173.95,"19,879",2,PRODUCTO
FILTRO  AIRE ,TFA-2102,SKODA,"12,460",2367.4,"14,827",0,PRODUCTO
FILTRO  AIRE ,TFA-2037,FILTRO AIRE NISSAN SENTRA B14,"12,734",2419.46,"15,153",5,PRODUCTO
FILTRO AIRE,TFA-2267,FIAT UNO 2014,"15,690",2981.1,"18,671",3,PRODUCTO
FILTRO  AIRE ,TFA-145,FORD ECOSPORT,"12,564",2387.16,"14,951",5,PRODUCTO
FILTRO  AIRE ,TFA-198,CLIO - RENAULT 19,"7,000",1330,"8,330",0,PRODUCTO
FILTRO  AIRE ,TFA-2021,MAZDA 323,"12,444",2364.36,"14,808",3,PRODUCTO
FILTRO  AIRE ,TFAC-3303,HYUNDAI TUCSON,"11,111",2111.09,"13,222",0,PRODUCTO
FILTRO  AIRE ,TFA-2288,TFA 2288 FILTRO AIRE SUZUKI ALTO M800 2015,"17,369",3300.11,"20,669",2,PRODUCTO
FILTRO  AIRE ,TFA-2330,FORD ECOSPORT,"18,389",3493.91,"21,883",4,PRODUCTO
FILTRO  AIRE ,TFAC-2210,CHEVROLET TRACKER,"10,956",2081.64,"13,038",0,PRODUCTO
FILTRO  AIRE ,TFA-2186,NISSAN TIIDA,"11,778",2237.82,"14,016",8,PRODUCTO
FILTRO  AIRE ,TFA-2217,CHEVROLET CAPTIVA,"11,111",2111.09,"13,222",0,PRODUCTO
FILTRO  AIRE ,TFA-2305,RENAULT DUSTER OROCH -CAPTURE ,"19,781",3758.39,"23,539",4,PRODUCTO
FILTRO  AIRE ,HCA-11654,RENAULT DUSTER OROCH CAPTURE ,"15,480",2941.2,"18,421",0,PRODUCTO
FILTRO  AIRE ,TFA-2160,RENAUL MEGANE,"13,953",2651.07,"16,604",1,PRODUCTO
FILTRO  AIRE ,TFA-2122,TFA 2122 FILTRO AIRE PEUGEOT 206 2002,"13,709",2604.71,"16,314",5,PRODUCTO
FILTRO  AIRE ,TFA -2129,AUDI  VW  JETTA A3 1996 -2003,"19,272",3661.68,"22,934",2,PRODUCTO
FILTRO  AIRE ,TFA -2219,FORD FIESTA  1.6 2012,"10,568",2007.92,"12,576",2,PRODUCTO
FILTRO  AIRE ,TFA-2132,FILTRO AIRE TOYOTA HILUX REVOLUTION,"17,554",3335.26,"20,889",7,PRODUCTO
FILTRO  AIRE ,TFA-2342,SUBARU,"13,508",2566.52,"16,075",0,PRODUCTO
FILTRO  AIRE ,TFPL-165469S001,,"13,250",2517.5,"15,768",1,PRODUCTO
FILTRO  AIRE ,TFA-2223,RENAULT  SANDERO -LOGAN,"11,520",2188.8,"13,709",0,PRODUCTO
FILTRO  AIRE ,TFA2257,FILTRO AIRE  FIAT UNO 2014,"15,689",2980.91,"18,670",0,PRODUCTO
FILTRO  AIRE ,TFA-2148,TWINGO,"7,084",1345.96,"8,430",0,PRODUCTO
FILTRO  AIRE ,TFA-977,TWINGO 1.2 R.CLIO,"7,506",1426.14,"8,932",0,PRODUCTO
FILTRO  AIRE ,TFA-2005,RENAULT TWINGO,"9,247",1756.93,"11,004",9,PRODUCTO
FILTRO  AIRE ,TFA-2207,NISSAN QASHQAI,"15,290",2905.1,"18,195",4,PRODUCTO
FILTRO  AIRE ,TFA-2252,,"15,551",2954.69,"18,506",6,PRODUCTO
FILTRO  AIRE ,TFA 2330,FORD ECOESPORT ,"18,388",3493.72,"21,882",0,PRODUCTO
FILTRO AIRE,TFA-2348,RENAULT KWID,"15,920",3024.8,"18,945",4,PRODUCTO
FILTRO  AIRE ,TF-2869,TOYOTA PRADO,"16,172",3072.68,"19,245",0,PRODUCTO
FILTRO  AIRE ,AIP-531,MONTERO,"15,000",2850,"17,850",0,PRODUCTO
FILTRO  AIRE ,AIP-1086,RENAULT  KWID,"14,950",2840.5,"17,791",0,PRODUCTO
FILTRO  AIRE ,AIP-1112,CAPTIVA 1.5,"21,190",4026.1,"25,216",0,PRODUCTO
FILTRO  AIRE ,AIP-515,NISSAN  SENTRA B14 RENAUL KOLEO- JUKE ,"12,610",2395.9,"15,006",0,PRODUCTO
FILTRO  AIRE ,AIP-544,NISSAN FRONTIER,"25,285",4804.15,"30,089",0,PRODUCTO
FILTRO  AIRE ,AIP-546,,0,0,0,1,PRODUCTO
FILTRO  AIRE ,AIP-665,AUDI – SKODA OCTAVIA VW GOL,"19,305",3667.95,"22,973",0,PRODUCTO
FILTRO  AIRE ,AIP-750,NISSAN QASHQAI,"18,720",3556.8,"22,277",1,PRODUCTO
FILTRO  AIRE ,AIP-783,FILTRO  DOGGE JORNEY,"17,420",3309.8,"20,730",3,PRODUCTO
FILTRO  AIRE ,AIP-893,,0,0,0,0,PRODUCTO
FILTRO  AIRE ,AIP-968,RENAULT DOUSTER OROCH CAPTUR,"19,305",3667.95,"22,973",0,PRODUCTO
FILTRO  AIRE ,AIP-681,MITSUBISCHI L200 MONTERO SP- NATIVA ,"26,715",5075.85,"31,791",0,PRODUCTO
FILTRO  AIRE ,AIP-687,HYUNDAI TUCSON KIA SPORTAJE,"13,000",2470,"15,470",0,PRODUCTO
FILTRO  AIRE ,AIP-692,SSANGYONG ACTY KIRON STAVICON,"29,055",5520.45,"34,575",0,PRODUCTO
FILTRO  AIRE ,AIP-840,FIAT  STRADA  SIENA - PUNTO,"25,675",4878.25,"30,553",2,PRODUCTO
FILTRO  AIRE ,AIP-897 ,CHEVROLET ORLANDO,"25,935",4927.65,"30,863",0,PRODUCTO
FILTRO  AIRE ,AIP-918,KIA RIO SPICE ,"15,080",2865.2,"17,945",3,PRODUCTO
FILTRO  AIRE ,AIP-950,MITSUBISCHI LANCER -GRANDIS -OUTNLANDER,"20,865",3964.35,"24,829",4,PRODUCTO
FILTRO  AIRE ,AIP-998,NISSAN  KICKS,"15,470",2939.3,"18,409",0,PRODUCTO
FILTRO  AIRE ,AIP-1130,,0,0,0,0,PRODUCTO
FILTRO  AIRE ,ACP- 109,,0,0,0,0,PRODUCTO
FILTRO  AIRE ,COAP-B9000,FILTRO AIRE HYUNDAI GRAND I 10,"8,940",1698.6,"10,639",0,PRODUCTO
FILTRO  AIRE ,COAP-0115,CHEVROLET CAPTIVA,"15,000",2850,"17,850",7,PRODUCTO
FILTRO  AIRE ,COAP-10234,NISSAN TIDA SENTRA 1.8,"7,270",1381.3,"8,651",0,PRODUCTO
FILTRO  AIRE ,COAP-1024,KIA PICANTO,"18,217",3461.23,"21,678",3,PRODUCTO
FILTRO  AIRE ,COAP-10997,FORD FIESTA,"10,290",1955.1,"12,245",5,PRODUCTO
FILTRO  AIRE ,COAP-1137,,0,0,0,0,PRODUCTO
FILTRO  AIRE ,COAP 1R100,HYUNDAI VELOSTER KIA ,"9,025",1714.75,"10,740",2,PRODUCTO
FILTRO  AIRE ,COAP-10889,TUCSON- KIA SPORT,"15,684",2979.96,"18,664",5,PRODUCTO
FILTRO  AIRE ,COAP-11053,HYUNDAI I30-I35 1.6-1.8 ELANTRA,"8,846",1680.74,"10,527",5,PRODUCTO
FILTRO  AIRE ,COAP-21501,CHEVROLET TRACKER,"11,768",2235.92,"14,004",9,PRODUCTO
FILTRO  AIRE ,COAP23M00,FILTRO DE AIRE SUZUKI ALTO/SWIFT,"10,485",1992.15,"12,477",2,PRODUCTO
FILTRO  AIRE ,COAP-2410,VW GOL CROSSFOX 16 2012,"11,918",2264.42,"14,182",2,PRODUCTO
FILTRO  AIRE ,COAP-2439,RENAULT TWINGO,"12,523",2379.37,"14,902",11,PRODUCTO
FILTRO  AIRE ,COAP-2857,RENAUL TWINGO,"9,196",1747.24,"10,943",1,PRODUCTO
FILTRO  AIRE ,COAP-2918,TOYOTA PRADO,"13,941",2648.79,"16,590",14,PRODUCTO
FILTRO  AIRE ,COAP-3Z40,MAZDA 2  / MAZDA  3     (1.6),"7,300",1387,"8,687",0,PRODUCTO
FILTRO  AIRE ,COAP-6550,CHEV LUV DMAX 2.5-3 LTS DIESEL,"12,389",2353.91,"14,743",4,PRODUCTO
FILTRO  AIRE ,COAP-10889,HYUNDAIY  TUC/KIA,"13,018",2473.42,"15,491",0,PRODUCTO
FILTRO  AIRE ,COAP-11222,CHEVROLET SONIC COBALT AVEO,"10,304",1957.76,"12,262",5,PRODUCTO
FILTRO  AIRE ,COAP-1134,CHEV SPRINT 92/98. 5.00-NIU 8.356.0,"8,356",1587.64,"9,944",6,PRODUCTO
FILTRO  AIRE ,COAP-1R100,HYUNDAI. I25 VELOSTER 1.6 KIA SOUL,"9,025",1714.75,"10,740",0,PRODUCTO
FILTRO  AIRE ,COAP-2088,HYUNDAI VISION-KIA RIO,"8,371",1590.49,"9,961",0,PRODUCTO
FILTRO  AIRE ,COAP-2098,CHEVROLET LUV DMAX 2 4 / MITSU,"13,424",2550.56,"15,975",0,PRODUCTO
FILTRO  AIRE ,COAP-2125,CHEV CORSA EVOLUTION.,"9,774",1857.06,"11,631",0,PRODUCTO
FILTRO  AIRE ,COAP-2200,CHEV N200,"9,796",1861.24,"11,657",3,PRODUCTO
FILTRO  AIRE ,COAP-2215,NISSAN MARCH (VERSA),"10,500",1995,"12,495",13,PRODUCTO
FILTRO  AIRE ,COAP-2439,RENAULT TWINGO 16V,"10,394",1974.86,"12,369",0,PRODUCTO
FILTRO  AIRE ,COAP-2485,CHEV SPARK/07 CHRONOS-7.24 MOD 20,"7,367",1399.73,"8,767",9,PRODUCTO
FILTRO  AIRE ,COAP-2556,HYUNDAI ACCENT VERNA-GYRO,"6,363",1208.97,"7,572",2,PRODUCTO
FILTRO  AIRE ,COAP-2697,VOLKSWAGEN AMAROK,"24,296",4616.24,"28,912",3,PRODUCTO
FILTRO  AIRE ,COAP-6558,MAZDA BT50 2.5 LTS INY,"10,155",1929.45,"12,084",4,PRODUCTO
FILTRO  AIRE ,COAP-89000,HYUNDAI GRAND I 10,"8,940",1698.6,"10,639",0,PRODUCTO
FILTRO  AIRE ,COAP-6550,LUV DMAX DIESEL,"8,076",1534.44,"9,610",0,PRODUCTO
FILTRO  AIRE ,COAP-6696-1,CHEVROLET  AVEO 1.4 -1.6 LITROS,"13,228",2513.32,"15,741",9,PRODUCTO
FILTRO  AIRE ,COAP-5070,CHEVROLET-NISSAN,"9,132",1735.08,"10,867",1,PRODUCTO
FILTRO  AIRE ,COAP-C010,TOYOTA HILUX,"23,748",4512.12,"28,260",7,PRODUCTO
FILTRO  AIRE ,COAP 3550,HYUNDAI ATOS,"6,554",1245.26,"7,799",4,PRODUCTO
FILTRO  AIRE ,COAP 2525,CHEVROLET CHEVY- CORSA,"7,350",1396.5,"8,747",2,PRODUCTO
FILTRO  AIRE ,COAP-1833,CHEVROLET SAIL,"8,500",1615,"10,115",14,PRODUCTO
FILTRO  AIRE ,COAP-X000,HYUNDAI  i10,"6,338",1204.22,"7,542",4,PRODUCTO
FILTRO  AIRE ,COAP-04000,KIA PICANTO,"6,338",1204.22,"7,542",11,PRODUCTO
FILTRO  AIRE ,COAP-3450,CHEVROLET-OPTRA,"14,314",2719.66,"17,034",7,PRODUCTO
FILTRO  AIRE ,COAP-2485,CHEVROLET SPARK-CRHONOS,"8,039",1527.41,"9,566",0,PRODUCTO
FILTRO  AIRE ,COAP-2724,RENAULT SYMBOL-MEGANNE-CLIO-CITIUS,"11,500",2185,"13,685",37,PRODUCTO
FILTRO  AIRE ,COAP-1134,FILTRO DE AIRE CHEV SPRINT-92/98,"8,768",1665.92,"10,434",0,PRODUCTO
FILTRO  AIRE ,COAP-7723,CHEVROLET,"9,496",1804.24,"11,300",7,PRODUCTO
FILTRO  AIRE ,COAP-7655,RENAULT LOGAN -SIMBOL,"9,100",1729,"10,829",4,PRODUCTO
FILTRO  AIRE ,COAP-1012,CHE-DATSUN-NISSAN,"16,118",3062.42,"19,180",0,PRODUCTO
FILTRO  AIRE ,COAP-886,LOGAN - SANDERO 2013,"13,316",2530.04,"15,846",15,PRODUCTO
FILTRO  AIRE ,COAP-323,MAZDA,"6,338",1204.22,"7,542",4,PRODUCTO
FILTRO  AIRE ,COAP-3Z40,MAZDA,"7,300",1387,"8,687",7,PRODUCTO
FILTRO  AIRE ,COAP-3Z401,MAZDA 3 2.2 MAZDA  5,"9,449",1795.31,"11,244",4,PRODUCTO
FILTRO  AIRE ,COAP-R9,       ,"9,202",1748.38,"10,950",9,PRODUCTO
FILTRO  AIRE ,TROA-3160,FILTRO AIRE  HONDA 2016-2017,"20,245",3846.55,"24,092",8,PRODUCTO
FILTRO  AIRE ,TROA-3166,NISSAN KIDS,"18,877",3586.63,"22,464",1,PRODUCTO
FILTRO  AIRE ,TROA-3210,,"20,616",3917.04,"24,533",4,PRODUCTO
FILTRO  AIRE ,TROA-3111,,"17,899",3400.81,"21,300",3,PRODUCTO
FILTRO  AIRE ,TROA-3087,,"20,229",3843.51,"24,073",5,PRODUCTO
FILTRO  AIRE ,TROA-3005,MITSUBISHI V6 3000,"12,698",2412.62,"15,111",3,PRODUCTO
FILTRO  AIRE ,TROA -3048,6,"12,492",2373.48,"14,865",5,PRODUCTO
FILTRO  AIRE ,TRO-A 3037,NISSAN INYECCION,"12,981",2466.39,"15,447",11,PRODUCTO
FILTRO  AIRE ,TRO-A 3017,HYUNDAI TUCSON,"15,256",2898.64,"18,155",0,PRODUCTO
FILTRO  AIRE ,TRO-258K,,"13,252",2517.88,"15,770",4,PRODUCTO
FILTRO AIRE,TROA-3170,NISSAN QASHQAI,"27,820",5285.8,"33,106",5,PRODUCTO
FILTRO  AIRE ,TROA-3057,NISSAN PATHFANDER,"16,779",3188.01,"19,967",6,PRODUCTO
FILTRO  AIRE ,TROA-3157,NISSAN  XTRAIL,"26,924",5115.56,"32,040",0,PRODUCTO
FILTRO  AIRE ,TRO-A 3051,NISSAN TIDA,"11,500",2185,"13,685",0,PRODUCTO
FILTRO  AIRE ,TRO-A 3054,NISSAN VERSA,"17,188",3265.72,"20,454",0,PRODUCTO
FILTRO  AIRE ,TROA -3154,,"12,698",2412.62,"15,111",5,PRODUCTO
FILTRO  AIRE ,TRO-A3011,HYUNDAI TUCSON- KIA ESPORTAGE,"22,059",4191.21,"26,250",5,PRODUCTO
FILTRO  AIRE ,TRO-A3001,NISSAN INYECCION,"22,059",4191.21,"26,250",3,PRODUCTO
FILTRO  AIRE ,TRO-3041,CHEVROLET CAPTIVA,"9,132",1735.08,"10,867",3,PRODUCTO
FILTRO  AIRE ,TRO-A3009,SUZUKI GRAN VITARA,"15,390",2924.1,"18,314",5,PRODUCTO
FILTRO  AIRE ,TRO-3085,MAZDA CX5,"26,318",5000.42,"31,318",6,PRODUCTO
FILTRO  AIRE ,TRO-A3010,CHEVROLET GRAN VITARA ,"13,482",2561.58,"16,044",6,PRODUCTO
FILTRO  AIRE ,TRO-A3094,KIA RIO SPICE 2014,"13,078",2484.82,"15,563",0,PRODUCTO
FILTRO  AIRE ,TRO-A3004,MAZDA 6,"21,485",4082.15,"25,567",4,PRODUCTO
FILTRO  AIRE ,TRO-3086,FORD ESCAPE 2013,"34,415",6538.85,"40,954",6,PRODUCTO
FILTRO AIRE,PCA-1295,,,0,0,5,PRODUCTO
FILTRO AIRE,HCA-11654,"DUSTER, RENAULT, OROCH CAPTURE","16,440",3123.6,"19,564",3,PRODUCTO
FILTRO  AIRE,HCA-5RA0,NISSAN KIDS 2016 1.6 ,"15,460",2937.4,"18,397",3,PRODUCTO
FILTRO  AIRE,HCA-1944,CHEVROLET ONIX TRACKER,"18,480",3511.2,"21,991",5,PRODUCTO
ACEITE,0W40 MB 1/4,ACEITE MOBIL 0W40,"15,000",0,"15,000",0,PRODUCTO
ACEITE,0W20 MT 1/4,ACEITE  MOTORCRAFT 0W20,"37,843",0,"37,843",14,PRODUCTO
ACEITE,0W20 ELF 1/4,ACEITE  ELF 0W20,"28,832",0,"28,832",6,PRODUCTO
ACEITE,5W20 MT 1/4,ACEITE MOTORCRAFT 5W20 SINTÉTICO ,"28,852",0,"28,852",30,PRODUCTO
ACEITE,5W30MB X 1/4 T VERDE,ACEITE MOBIL 5W30 SINTÉTICO TAPA VERDE,"43,500",0,"43,500",10,PRODUCTO
ACEITE,5W30MB X GAL,ACEITE MOBIL 5W30 SINTÉTICO 3000,"148,693",0,"148,693",20,PRODUCTO
ACEITE,5W30MB X 1/4,ACEITE MOBIL 5W30 SINTÉTICO 3000,"57,000",0,"57,000",20,PRODUCTO
ACEITE,5W30 MT 1/4,ACEITE MOTORCRAFT 5W30 SINTÉTICO ,"26,852",0,"26,852",29,PRODUCTO
ACEITE,5W30 ELF 1/4,ACEITE 5W30 ELF 1/4,"37,221",0,"37,221",0,PRODUCTO
ACEITE,5W30 ELF  GALON,ACEITE 5W30 ELF,"128,333",0,"128,333",2,PRODUCTO
ACEITE,5W30 ACDELCO 1/4,ACEITE ACDELCO 5W30 ,"30,712",0,"30,712",3,PRODUCTO
ACEITE,5W30 ACDELCO XGAL,ACEITE ACDELCO 5W30 ,"117,329",0,"117,329",1,PRODUCTO
ACEITE,5W30 CO 1/4,ACEITE COEXITO 5W30 SINTÉTICO ,"15,470",0,"15,470",0,PRODUCTO
ACEITE,5W30 SHELL 1/4,ACEITE SHELL 5W30,"32,267",0,"32,267",0,PRODUCTO
ACEITE,5W30 SHELL XGAL,ACEITE  SHELL 5W30,0,0,0,0,PRODUCTO
ACEITE,5W40 ELF GAL/5L,ACEITE ELF 5W40,"194,000",0,"194,000",0,PRODUCTO
ACEITE,5W40 ELF 1/4,ACEITE ELF 5W40,"36,666",0,"36,666",3,PRODUCTO
ACEITE,10W30 ACDELCO 1/4,ACEITE 10W30 ACDELCO,"25,835",0,"25,835",10,PRODUCTO
ACEITE,10W30 ACDELCO XGAL ,ACEITE  10W30  ACDELCO,"91,770",0,"91,770",0,PRODUCTO
ACEITE,10W30 MT 1/4,ACEITE MOTORCRAFT 10W30 SINTÉTICO ,"24,980",0,"24,980",13,PRODUCTO
ACEITE,10W30 MB 1/4,ACEITE MOBIL 10W30 SEMI SINTÉTICO ,"28,000",0,"28,000",28,PRODUCTO
ACEITE,10W30MB GAL,ACEITE MOBIL 10W30 SEMI SINTÉTICO ,"108,000",0,"108,000",20,PRODUCTO
ACEITE,10W30 COX1/4,ACEITE  SAE COEXITO 10W30 API SN PLUS,"16,582",0,"16,582",49,PRODUCTO
ACEITE,10W30 COXGAL,ACEITE SAE COEXITO 10W30 API SN PLUS,"59,934",0,"59,934",2,PRODUCTO
ACEITE,10W40 ELF 1XLTS,ACEITE ELF 10W40 SINTÉTICO ,"25,500",0,"25,500",4,PRODUCTO
ACEITE,10W40 ELF  GAL,ACEITE ELF 10W40 SINTÉTICO ,"91,000",0,"91,000",7,PRODUCTO
ACEITE,10W40 SHELL X1/4,ACEITE SHELL 10W40 ,,0,0,0,PRODUCTO
ACEITE,10W40 SHELL X GAL,ACEITE SHELL 10W40,"132,052",0,"132,052",1,PRODUCTO
ACEITE,10W40 CASTROL /1/4,ACEITE CASTRO 10W40,"38,721",0,"38,721",0,PRODUCTO
ACEITE,10W40 CASTROL GL X 5LTS,ACEITE CASTRO 10W40,"176,221",0,"176,221",1,PRODUCTO
ACEITE,15W40 COX1/4,ACEITE DIESEL 15W40 COEXITO,"16,303",0,"16,303",0,PRODUCTO
ACEITE,15W40 COX1/4,ACEITE GASOLINA 15W40 COEXITO,"16,303",0,"16,303",3,PRODUCTO
ACEITE,15W40 COXGAL,ACEITE DIESEL 15W40 COEXITO,"58,429",0,"58,429",5,PRODUCTO
ACEITE,15W40MB X 1/4,ACEITE MOBIL DELVAC 15W40 DIESEL ,"26,500",0,"26,500",35,PRODUCTO
ACEITE,15W40 MB GAL,ACEITE MOBIL DELVAC 15W40 DIESEL ,"94,000",0,"94,000",9,PRODUCTO
ACEITE,15W40 ELF X 1LTS,ACEITE ELF 15W40 MINERAL,"24,750",0,"24,750",31,PRODUCTO
ACEITE,15W40 QUARTZ X GAL,ACEITE ELF 15W40 MINERAL,"93,728",0,"93,728",5,PRODUCTO
ACEITE,20W50 ELF XGAL,ACEITE ELF 20W50 MINERAL ,"69,333",0,"69,333",11,PRODUCTO
ACEITE,20W50 ELF X 1/4,ACEITE ELF 20W50 MINERAL ,"21,416",0,"21,416",358,PRODUCTO
ACEITE,20W50 ACDELCO 1/4,ACEITE  ACDELCO 20W50,"22,368",0,"22,368",6,PRODUCTO
ACEITE,20W50 COX1/4,ACEITE COEXITO 20W50 MINERAL ,"15,424",0,"15,424",0,PRODUCTO
ACEITE,20W50 COX GAL,ACEITE COEXITO 20W50 MINERAL  GALON ,"57,200",0,"57,200",7,PRODUCTO
ACEITE,20W50 MOBIL X 1/4,ACEITE MOBIL 20W50 MINERAL ,"27,000",0,"27,000",7,PRODUCTO
ACEITE,20W50 MOBIL GAL,ACEITE MOBIL 20W50 MINERAL ,"96,000",0,"96,000",31,PRODUCTO
ACEITE,20W50-CASTROL 1/4,ACEITE CASTROL 20W50 ,"21,109",0,"21,109",3,PRODUCTO
ACEITE,20W50 CASTROL GLX5L,AECEITE CASTROL 20W50,"138,921",0,"138,921",3,PRODUCTO
ACEITE,20W50 SHELL 1/4,ACEITE SHELL,"31,512",0,"31,512",5,PRODUCTO
ACEITE,20W50 SHELL GAL,ACEITE SHELL,"120,047",0,"120,047",2,PRODUCTO
ACEITE,20W50 COEXITO GAL,ACEITE COEXITO 20W50 GRANEL,"71,513",0,"71,513",0,PRODUCTO
ACEITE,25W50 MOBIL 1/4,ACEITE MOBIL 25W50 ALTO KM,"22,500",0,"22,500",11,PRODUCTO
ACEITE,25W50 MOBIL GAL,ACEITE MOBIL 25W50 ALTO KM,"90,000",0,"90,000",0,PRODUCTO
ACEITE,80W90 CO GAL,ACEITE COEXITO 80W90,"60,449",0,"60,449",0,PRODUCTO
LUBRICANTE ,80W90 CO GR,VALVULINA COEXITO GRANEL ,"15,112",2871.28,"17,983",100,PRODUCTO
LUBRICANTE ,ATE SL,LÍQUIDO DE FRENOS ATE SL,"38,040",7227.6,"45,268",12,PRODUCTO
LUBRICANTE ,CO-020,LÍQUIDO DE FRENOS 290ML,"7,201",1368.19,"8,569",32,PRODUCTO
LUBRICANTE ,GRASA X LIBRA ,GRASA COEXITO LIBRA ,"14,582",2770.58,"17,353",20,PRODUCTO
LUBRICANTE ,REFRI 1/4,LIQUIDO REFRIGERANTE  PREMIUM ROJO,"7,812",1484.28,"9,296",19,PRODUCTO
LUBRICANTE ,REFRI 1/4,LIQUIDO REFRIGERANTE  ANTIX- VERDE ,"4,132",785.08,"4,917",7,PRODUCTO
LUBRICANTE ,REFRI TERPEL,REFRIGERANTE TERPEL ESTANDAR ,"4,004",760.76,"4,765",1,PRODUCTO
LUBRICANTE ,MERCON V X 1/4 ,TRANSMISION MOTORCRAF MERCON,"36,493",6933.67,"43,427",10,PRODUCTO
LUBRICANTE ,303052/12,ACEITE TRANSM ATF DEXRON III -X 1/4,"18,742",3560.98,"22,303",47,PRODUCTO
LUBRICANTE ,CO HIDRÁULICO ISO68,ACEITE HIDRAULICO ISO68,"28,000",5320,"33,320",3,PRODUCTO
ARANDELA,7703062062,ANILLO TAPON CARTER,700,133,833,0,PRODUCTO
LLANTA,LV195,165/65R13 LANVINGATOR,"79,831",15167.89,"94,999",0,PRODUCTO
LLANTA,LF 195,165/65R13 LAUFENN,"135,294",25705.86,"161,000",1,PRODUCTO
LLANTA,HK195,165/65R13 HANKOOK,"148,655",28244.45,"176,899",0,PRODUCTO
LLANTA,FK195,165/65R13 FALKEN,"132,900",25251,"158,151",12,PRODUCTO
LLANTA,GL195,165/65R13 GALLANT,"106,728",20278.32,"127,006",8,PRODUCTO
LLANTA,CZ357,165/70R13  CHAOYANG RP28,"97,395",18505.05,"115,900",2,PRODUCTO
LLANTA,LF357,165/70R13TPR04 LH41 G FIT AS LAUFENN,"128,487",24412.53,"152,900",8,PRODUCTO
LLANTA,HK357,165/70R13T PR04 H735 HK,"166,975",31725.25,"198,700",9,PRODUCTO
LLANTA,FK357,165/70R13 FALKEN,"129,900",24681,"154,581",8,PRODUCTO
LLANTA,GL357,165/70R13 GALLANT,"107,317",20390.23,"127,707",6,PRODUCTO
LLANTA,LF355,175/70R13TPR04 LH41 G FIT AS LAUFENN,"133,697",25402.43,"159,099",0,PRODUCTO
LLANTA,DT355,175/70R13 DELINTE,"117,900",22401,"140,301",4,PRODUCTO
LLANTA,AP355,175/70R13 AIPLUS,"94,000",17860,"111,860",12,PRODUCTO
LLANTA,CZ355,175/70R13   CHAOYANG,"132,773",25226.87,"158,000",0,PRODUCTO
LLANTA,TR362,175/70R13  TRACMAX,"122,521",23278.99,"145,800",0,PRODUCTO
LLANTA,HK355,175/70R13 HANKOOK,"159,664",30336.16,"190,000",7,PRODUCTO
LLANTA,FK355,175/70R13 FALKEN,"134,900",25631,"160,531",4,PRODUCTO
LLANTA,HK143,205/60R13H35 HANKOOK,"188,992",35908.48,"224,900",0,PRODUCTO
LLANTA,OV119,185/60R13 OVATION,"128,218",24361.42,"152,579",4,PRODUCTO
LLANTA,HK119,185/60R13 HANKOOK,"175,546",33353.74,"208,900",4,PRODUCTO
LLANTA,FK355,185/70R13 FALKEN,"157,000",29830,"186,830",4,PRODUCTO
LLANTA,GL260,165/60R14 75H GL-72 GALLANT,"108,715",20655.85,"129,371",8,PRODUCTO
LLANTA,HK260,165/60R14 HANKOOK,"155,714",29585.66,"185,300",4,PRODUCTO
LLANTA,GL206,165/65R14 GALLANT,"119,917",22784.23,"142,701",2,PRODUCTO
LLANTA,HK206,165/65R14 HANKOOK,"157,899",30000.81,"187,900",8,PRODUCTO
LLANTA,HK725,165/70R14 HK,"166,303",31597.57,"197,901",0,PRODUCTO
LLANTA,DL725,165/70R14 DELINTE,"147,900",28101,"176,001",5,PRODUCTO
LLANTA,KM725,165/70R14 KUMHO,"170,529",32400.51,"202,930",4,PRODUCTO
LLANTA ,CH356,165/70R14 SUNWIDE ,"201,680",38319.2,"239,999",0,PRODUCTO
LLANTA,LF373,175/65R14 LAUFENN,"158,739",30160.41,"188,899",0,PRODUCTO
LLANTA,HK373,175/65R14H735 HANKOOK,"185,966",35333.54,"221,300",2,PRODUCTO
LLANTA,HK12240601,175/70R14 HANKOOK,"214,285",40714.15,"254,999",6,PRODUCTO
LLANTA,AP078,185/60R14 AIPLUS,"110,900",21071,"131,971",4,PRODUCTO
LLANTA,TR101 ,185/60R14  TRACMAX- RADIAL,"134,453",25546.07,"159,999",1,PRODUCTO
LLANTA,LV101,185/60R14 RADIAL,"111,597",21203.43,"132,800",0,PRODUCTO
LLANTA,AT101,185/60R14 AUTOGRIP,"122,220",23221.8,"145,442",14,PRODUCTO
LLANTA,LF078 ,185/60R14  PRO4 LH41 LAUFENN,"163,782",31118.58,"194,901",0,PRODUCTO
LLANTA,KD078,185/60R14 KENDA,"189,900",36081,"225,981",8,PRODUCTO
LLANTA,KU078,185/60R14 KUMHO,"164,695",31292.05,"195,987",2,PRODUCTO
LLANTA,FK078,185/60R14 FALKEN,"184,900",35131,"220,031",6,PRODUCTO
LLANTA,DT078,185/60R14 DELINTE,"129,900",24681,"154,581",7,PRODUCTO
LLANTA,HK078,185/60R14 HANKOOK,"199,916",37984.04,"237,900",13,PRODUCTO
LLANTA,CZ078,185/60R14 CHAOYANG,"107,479",20421.01,"127,900",0,PRODUCTO
LLANTA,HK365,185/65R14 HANKOOK,"208,319",39580.61,"247,900",8,PRODUCTO
LLANTA,GL365,185/65R14 GALLANT,"117,720",22366.8,"140,087",6,PRODUCTO
LLANTA,CZ365,185/65R14 CHAOYANG RP28,"123,445",23454.55,"146,900",0,PRODUCTO
LLANTA,FK365,185/65R14 FALKEN ,"189,900",36081,"225,981",0,PRODUCTO
LLANTA,FR365,185/65R14 FULLRUN,"125,693",23881.67,"149,575",12,PRODUCTO
LLANTA,LF365,185/65R14  LAUFENN,"169,664",32236.16,"201,900",2,PRODUCTO
LLANTA,LF367,185/70R14  LAUFENN,"168,571",32028.49,"200,599",0,PRODUCTO
LLANTA,CZ367,185/70R14 RP26 CHAOYANG,"132,689",25210.91,"157,900",0,PRODUCTO
LLANTA,KM367,185/70R14 KUMHO,"168,006",31921.14,"199,927",4,PRODUCTO
LLANTA,HK367,185/70R14 H735HANKOOK,"210,840",40059.6,"250,900",0,PRODUCTO
LLANTA,CZ225,195/R14 CHAOYANG,"204,118",38782.42,"242,900",2,PRODUCTO
LLANTA,HK225,195R14  RA08 HANKOOK,"280,588",53311.72,"333,900",8,PRODUCTO
LLANTA,HK2243601-H735,195/70R14 HANKOOK,"192,352",36546.88,"228,899",4,PRODUCTO
LLANTA,HK12325441,215/75R14 RA 08 HANKOOK,"327,731",62268.89,"390,000",0,PRODUCTO
LLANTA,HK809,185/60R15 HK,"227,647",43252.93,"270,900",1,PRODUCTO
LLANTA,FR809,185/60R15 FULLRUN ,"131,331",24952.89,"156,284",4,PRODUCTO
LLANTA,CZ366,185/65R15 RP28 CHAOYANG,"137,731",26168.89,"163,900",1,PRODUCTO
LLANTA,HK366,185/65/R15 HANKOOK,"226,807",43093.33,"269,900",1,PRODUCTO
LLANTA,LF366,185/65R15 LAUFENN,"175,546",33353.74,"208,900",2,PRODUCTO
LLANTA,CZ083,185/55R15 CHAOYANG,"131,849",25051.31,"156,900",0,PRODUCTO
LLANTA,KM083,185/55R15 KUMHO,"207,289",39384.91,"246,674",4,PRODUCTO
LLANTA,ZT083,185/55R15 ZETA,"136,856",26002.64,"162,859",4,PRODUCTO
LLANTA,HK083,185/55 R15K120 HANKOOK,"223,025",42374.75,"265,400",0,PRODUCTO
LLANTA,WF366,185/65R15 VINDFORCE ,0,0,0,0,PRODUCTO
LLANTA,AT366,185/65R15 AUTOGRIP,"126,775",24087.25,"150,862",25,PRODUCTO
LLANTA,FK366,185/65R15 FALKEN,"189,900",36081,"225,981",10,PRODUCTO
LLANTA,CS366,185/65R15 COSMO,"146,900",27911,"174,811",4,PRODUCTO
LLANTA,KM366,185/65R15 KUMHO,"206,129",39164.51,"245,294",6,PRODUCTO
LLANTA,CZ121,195/65R15 CHAOYANG RP26,"158,739",30160.41,"188,899",0,PRODUCTO
LLANTA,15292,185/65R15 YOKOHAMA,"189,075",35924.25,"224,999",9,PRODUCTO
LLANTA,KD017076,195/50R15 KENDA,"189,900",36081,"225,981",4,PRODUCTO
LLANTA,GL017076,195/50R15 GALLANT,"147,742",28070.98,"175,813",6,PRODUCTO
LLANTA,HK017076,195/50/R15 HANKOOK,"184,033",34966.27,"218,999",0,PRODUCTO
LLANTA,CZ017076-RP26,195/50R15  RP26 CHAOYANG ,"142,773",27126.87,"169,900",0,PRODUCTO
LLANTA,CZ017076 SA-57,195/50R15  SA57 CHAOYANG ,"145,714",27685.66,"173,400",0,PRODUCTO
LLANTA,LF164,195/55R15 LAUFENN,"191,176",36323.44,"227,499",5,PRODUCTO
LLANTA,HK164,195/55R15 HANKOOK,"138,571",26328.49,"164,899",3,PRODUCTO
LLANTA,CH164,195/55R15  L CONFORT,"201,092",38207.48,"239,299",0,PRODUCTO
LLANTA,CZ164,195/55R15   SA 57 CHAOYANG,"141,933",26967.27,"168,900",0,PRODUCTO
LLANTA,,195/55R15 SUNFULL,"127,731",24268.89,"152,000",1,PRODUCTO
LLANTA,FK164,195/55R15 FALKEN,"179,900",34181,"214,081",4,PRODUCTO
LLANTA,KD164,195/55R15 KENDA,"189,900",36081,"225,981",10,PRODUCTO
LLANTA,GL164,195/55R15 GALLANT,"145,415",27628.85,"173,044",8,PRODUCTO
LLANTA,LF107,195/60R15 H735  LAUFENN,"192,269",36531.11,"228,800",0,PRODUCTO
LLANTA,HK107,195/60R15 H735 HANKOOK ,"246,134",46765.46,"292,899",11,PRODUCTO
LLANTA,HK121,195/65R15 HANKOOK,"289,076",54924.44,"344,000",4,PRODUCTO
LLANTA,LF121,195/65R15 LAUFENN,"199,916",37984.04,"237,900",0,PRODUCTO
LLANTA,BG121,195/65R15 BRIDGESTONE,"319,900",60781,"380,681",4,PRODUCTO
LLANTA,LF0552431,205/60R15  LAUFENN,"232,353",44147.07,"276,500",0,PRODUCTO
LLANTA,HK0552431-H735,205/60R15  HANKOOK,"265,966",50533.54,"316,500",2,PRODUCTO
LLANTA ,LF688,205/70R15 LAUFENN,"346,975",65925.25,"412,900",0,PRODUCTO
LLANTA,LF599,205/65R15 LAUFENN,"213,042",40477.98,"253,520",4,PRODUCTO
LLANTA,KM055,205/60R15 KUMHO,"262,200",49818,"312,018",2,PRODUCTO
LLANTA,DL599,205/60R15 DELINTE,"247,900",47101,"295,001",4,PRODUCTO
LLANTA,HK599,205/65R15 HANKOOK,"269,747",51251.93,"320,999",4,PRODUCTO
LLANTA,HK002,205/70R15  RF10 HANKOOK,"366,303",69597.57,"435,901",4,PRODUCTO
LLANTA,CH688,205/70R15 SUNWIDE,"307,143",58357.17,"365,500",0,PRODUCTO
LLANTA,HK688,205/70R15 HANKOOK RA08,"401,765",76335.35,"478,100",2,PRODUCTO
LLANTA,GL688,205/70R15 GALLANT,"244,766",46505.54,"291,272",4,PRODUCTO
LLANTA,DL709,215/75R15 DELINTE,"360,000",68400,"428,400",1,PRODUCTO
LLANTA,GL709,215/75R15 GALLANT,"238,776",45367.44,"284,143",4,PRODUCTO
LLANTA,HK709,215/75R15 HANKOOK,"378,908",71992.52,"450,901",4,PRODUCTO
LLANTA,CZ659,225/70R15 CHAOYANG,"273,025",51874.75,"324,900",0,PRODUCTO
LLANTA,HK659,225/70R15 PRO8 RA08 HANKOOK,"360,420",68479.8,"428,900",0,PRODUCTO
LLANTA,LF705,235/75R15 LAUFENN,"340,316",64660.04,"404,976",0,PRODUCTO
LLANTA,WY705,235/75R15 WIDEWAY,"323,169",61402.11,"384,571",4,PRODUCTO
LLANTA,HK705,235/75R15 HANKOOK,"411,681",78219.39,"489,900",5,PRODUCTO
LLANTA,KM717,195/50R16 KUMHO,"250,463",47587.97,"298,051",4,PRODUCTO
LLANTA,GL717,195/50R16 GALLANT,"165,440",31433.6,"196,874",8,PRODUCTO
LLANTA,HK717,195/50R16 HANKOOK,"269,496",51204.24,"320,700",0,PRODUCTO
LLANTA,LF003,195/50R16 PR04 LH01 LAUFENN,"190,000",36100,"226,100",2,PRODUCTO
LLANTA,HK728,185/55R16 HANKOOK,"266,741",50680.79,"317,422",4,PRODUCTO
LLANTA,HK729,195/55R16K435 HK,"283,109",53790.71,"336,900",0,PRODUCTO
LLANTA,FK729,195/55R16 FALKEN,"283,500",53865,"337,365",4,PRODUCTO
LLANTA,LF244,205/50R16VPR04 LH41 G FIT AS LAUFENN,"209,159",39740.21,"248,899",2,PRODUCTO
LLANTA,KM244,205/55R16 91V ES31 KUMHO,"237,803",45182.57,"282,986",6,PRODUCTO
LLANTA ,OV244,205/55R16 OVATION,"154,009",29261.71,"183,271",6,PRODUCTO
LLANTA,LF017079 ,205/55R16  LAUFENN,"195,714",37185.66,"232,900",0,PRODUCTO
LLANTA,HK117251,205/55R16 HANKOOK ,"391,513",74387.47,"465,900",1,PRODUCTO
LLANTA,HK017079,205/55ZR16W XL PR04 K120 HK,"284,790",54110.1,"338,900",2,PRODUCTO
LLANTA,CZ017079 RP26,205/55R16  CHAOYANG,"163,782",31118.58,"194,901",0,PRODUCTO
LLANTA,CZ017079 SA57,205/55R16  CHAOYANG,"173,865",33034.35,"206,899",0,PRODUCTO
LLANTA,15298,205/55R16 YOKOHAMA ,"226,470",43029.3,"269,499",0,PRODUCTO
LLANTA,WF017079,205/55R16 VINDORCE,"146,975",27925.25,"174,900",0,PRODUCTO
LLANTA,HK017064,205/60R16 PR4 H457 HANKOOK,"308,319",58580.61,"366,900",0,PRODUCTO
LLANTA ,KM017064,205/60R16 KUMHO,"267,244",50776.36,"318,020",4,PRODUCTO
LLANTA,17634,205/60R16 YOKOHAMA,"406,717",77276.23,"483,993",2,PRODUCTO
LLANTA ,FK017064,205/60R16 FALKEN,"389,900",74081,"463,981",4,PRODUCTO
LLANTA,DL017064,205/60R16 DELINTE,"249,900",47481,"297,381",2,PRODUCTO
LLANTA,LF017064,205/60R16HPR04 LH41 G FIT AS LAUFENN,"221,765",42135.35,"263,900",1,PRODUCTO
LLANTA,FK017065,205/70R16 FALKEN,"299,900",56981,"356,881",4,PRODUCTO
LLANTA,6.92272E+12,205/75R16 FULLRUN,"232,547",44183.93,"276,731",0,PRODUCTO
LLANTA,LF017038,215/55R16 VPR04 LH41 LAUFENN,"212,773",40426.87,"253,200",0,PRODUCTO
LLANTA,FR017038,215/55R16 FULLRUN,"205,575",39059.25,"244,634",2,PRODUCTO
LLANTA,FK720,215/60R16 FALKEN,"334,900",63631,"398,531",4,PRODUCTO
LLANTA,HK720,215/60R16 HANKOOK,"350,336",66563.84,"416,900",0,PRODUCTO
LLANTA,HK 623,215/65R16 RF 11 HANKOOK,"357,899",68000.81,"425,900",8,PRODUCTO
LLANTA,LF666,215/65R16  LAUFENN,"247,815",47084.85,"294,900",0,PRODUCTO
LLANTA,TY623,215/65R16 TOYO TIRES,"300,000",57000,"357,000",8,PRODUCTO
LLANTA,KM623,215/65R16 KUMHO,"286,725",54477.75,"341,203",2,PRODUCTO
LLANTA,CZ724,215/65R16  CHAOYANG,"205,798",39101.62,"244,900",6,PRODUCTO
LLANTA,HK621,215/65R16 RA33 HANKOOK,"346,134",65765.46,"411,899",8,PRODUCTO
LLANTA,LF071,225/70R16 HPR04 LD01 X FIT HT LAUFENN,"284,034",53966.46,"338,000",5,PRODUCTO
LLANTA,HK017095-H457,225/55R16 PRO4 H457 HANKOOK,"378,067",71832.73,"449,900",0,PRODUCTO
LLANTA,FK017095,225/55R16 FALKEN,"389,900",74081,"463,981",4,PRODUCTO
LLANTA,HK714-RF11,235/60R16 RF11 HANKOOK,"386,471",73429.49,"459,900",2,PRODUCTO
LLANTA,GL714,235/60R16 GALLANT,"272,749",51822.31,"324,571",4,PRODUCTO
LLANTA,,235/60R16 COMPASAL,"294,117",55882.23,"349,999",0,PRODUCTO
LLANTA,HK634,235/60R16 RA33 HANKOOK,"381,429",72471.51,"453,901",1,PRODUCTO
LLANTA,CZ634,235/60R16 RP26 CHAOYANG,"198,235",37664.65,"235,900",2,PRODUCTO
LLANTA,LF640,235/70R16TPR04 LC01  LAUFENN,"333,370",63340.3,"396,710",0,PRODUCTO
LLANTA,LF722,245/70R16 LLANTA  LC01 LAUFENN,"333,361",63338.59,"396,700",2,PRODUCTO
LLANTA,CP11,245/75R16 COOPER,"489,900",93081,"582,981",4,PRODUCTO
LLANTA,HK711,245/75R16  RF 11 HANKOOK,"500,000",95000,"595,000",0,PRODUCTO
LLANTA,LF 711,245/75R16  LF PRO 10 LAUFENN,"427,647",81252.93,"508,900",0,PRODUCTO
LLANTA,FK702,255/70R16 FALKEN,"439,900",83581,"523,481",5,PRODUCTO
LLANTA,LF702,255/70R16 LAUFENN,"385,630",73269.7,"458,900",0,PRODUCTO
LLANTA,HK702,255/70R16T PR04 RF11 HK,"433,529",82370.51,"515,900",4,PRODUCTO
LLANTA,FR692,265/70R16 FIRESTONE,"464,900",88331,"553,231",2,PRODUCTO
LLANTA,HK 692,265/70R16 HANKOOK,"479,748",91152.12,"570,900",1,PRODUCTO
LLANTA,HK693,265/70R16 RT05 10L HANKOOK,"479,748",91152.12,"570,900",0,PRODUCTO
LLANTA,HK625,265/75R16 RT05 HANKOOK,"673,025",127874.75,"800,900",0,PRODUCTO
LLANTA,LF017078,205/45ZR17W XLPR04 LH01 S FIT AS LAUFENN,"226,807",43093.33,"269,900",0,PRODUCTO
LLANTA,KM017078,205/45R17 KUMHO,"283,089",53786.91,"336,876",4,PRODUCTO
LLANTA,GL017078,205/45R17 GALLANT,"182,270",34631.3,"216,901",4,PRODUCTO
LLANTA ,HK017078,205/45ZR17 HANKOOK K120 XL,"567,983",107916.77,"675,900",4,PRODUCTO
LLANTA,LF098,265/75R16 RT05 LAUFENN,"226,388",43013.72,"269,402",0,PRODUCTO
LLANTA,HK741,205/55R17 HANKOOK 91W,"301,597",57303.43,"358,900",0,PRODUCTO
LLANTA,FK741,205/55R17 FALKEN,"344,900",65531,"410,431",8,PRODUCTO
LLANTA,KM741,205/55R17 KUMHO,"301,229",57233.51,"358,463",4,PRODUCTO
LLANTA ,LF017093,205/50R17 LAUFENN,"226,134",42965.46,"269,099",3,PRODUCTO
LLANTA,VI388,205/55R17 OVATION,"221,428",42071.32,"263,499",0,PRODUCTO
LLANTA,3.98021E+11,205/55R17 HANKOOK,"363,900",69141,"433,041",0,PRODUCTO
LLANTA,HK017093,215/45R17 K120  HANKOOK,"307,479",58421.01,"365,900",5,PRODUCTO
LLANTA,CZ017079,215/45R17 CHAOYANG SA57,"163,782",31118.58,"194,901",6,PRODUCTO
LLANTA,FK047,215/50R17 FALKEN,"397,900",75601,"473,501",4,PRODUCTO
LLANTA,CS047,215/50R17 COSMO,"235,900",44821,"280,721",2,PRODUCTO
LLANTA,LF047,215/45R17 K120 LAUFENN,"239,075",45424.25,"284,499",0,PRODUCTO
LLANTA,LF047 LH01,215/45R17 LAUFENN LH01,"226,134",42965.46,"269,099",4,PRODUCTO
LLANTA,HK104,215/50ZR17W XL PR04 K120 HK,"316,303",60097.57,"376,401",4,PRODUCTO
LLANTA,HK305,215/55R17 HANKOOK,"324,900",61731,"386,631",4,PRODUCTO
LLANTA,FK305,215/55R17 FALKEN,"460,900",87571,"548,471",4,PRODUCTO
LLANTA,LF305,215/55R17 PRO4 LH41 G FIT LAUFENN,"312,436",59362.84,"371,799",0,PRODUCTO
LLANTA,HK094-RA33,215/50R17  HANKOOK,"366,303",69597.57,"435,901",0,PRODUCTO
LLANTA,HK017036,225/45ZR17 K120 HANKOOK,"347,815",66084.85,"413,900",5,PRODUCTO
LLANTA,HK724 RF11,215/60R17 HANKOOK RF11,"371,345",70555.55,"441,901",3,PRODUCTO
LLANTA,HK724 RA33,215/60R17 HANKOOK RA33,"366,303",69597.57,"435,901",2,PRODUCTO
LLANTA,CS724,215/60R17 COSMO,"187,900",35701,"223,601",2,PRODUCTO
LLANTA,HK103,225/50ZR17Y XL PRO4 K120 HK,"369,664",70236.16,"439,900",4,PRODUCTO
LLANTA,LF004,225/60R17PR04 LH01 LAUFENN,"282,269",53631.11,"335,900",0,PRODUCTO
LLANTA,HK731,225/60R17  RF11 HK,"380,588",72311.72,"452,900",6,PRODUCTO
LLANTA,HK707,225/60R17H PR04 RA33 HK,"366,303",69597.57,"435,901",8,PRODUCTO
LLANTA,KM707,225/60R17 KUMHO,"350,646",66622.74,"417,269",4,PRODUCTO
LLANTA,GL707,225/60R17 GALLANT,"225,088",42766.72,"267,855",4,PRODUCTO
LLANTA,CZ707,225/60R17 CHAOYANG,"229,328",43572.32,"272,900",6,PRODUCTO
LLANTA,LF005,235/55R17 PR04 LH01 LAUFENN,"368,824",70076.56,"438,901",0,PRODUCTO
LLANTA,HK730,235/55R17 PR04 RA23 HANKOOK,"381,429",72471.51,"453,901",2,PRODUCTO
LLANTA,FK017036,225/45R17 FALKEN,"359,900",68381,"428,281",1,PRODUCTO
LLANTA,FR017036,225/45ZR17 FULLRUN ,"208,285",39574.15,"247,859",3,PRODUCTO
LLANTA,LF017036,225/45ZR17 LAUFENN ,"303,282",57623.58,"360,906",0,PRODUCTO
LLANTA,LF001,225/50RZ17 LAUFENN,"270,756",51443.64,"322,200",4,PRODUCTO
LLANTA,LF050,225/65R17 PR04 LD01 XFIT HT LAUFENN  ,"294,874",56026.06,"350,900",4,PRODUCTO
LLANTA,HK050,225/65R17H PR04 RA33 HK VENDIDAS-CANCELADAS,"393,193",74706.67,"467,900",4,PRODUCTO
LLANTA,CZ678 /CZ723,235/60R17 PR4 SU318 CHAOYANG,"304,957",57941.83,"362,899",0,PRODUCTO
LLANTA,FR723,235/60R17 FULLRUN,"265,247",50396.93,"315,644",4,PRODUCTO
LLANTA,HK723,235/60R17  RA 33 HANHOOK,"377,227",71673.13,"448,900",2,PRODUCTO
LLANTA,LF 723/LF892,235/60R17 LAUFENN,"299,076",56824.44,"355,900",0,PRODUCTO
LLANTA,HK713,235/60R17  LLANTA HANKOOK,"490,756",93243.64,"584,000",0,PRODUCTO
LLANTA,,235/65R17 HANKOOK RA33,"436,975",83025.25,"520,000",4,PRODUCTO
LLANTA,HK241,265/65R17 RA 33  HANKOOK,"466,303",88597.57,"554,901",0,PRODUCTO
LLANTA,LF241,265/65R17 LC01 LAUFENN,"361,261",68639.59,"429,901",2,PRODUCTO
LLANTA,HK084,265/65R17 10 RT05 HANKOOK RF11,"525,900",99921,"625,821",6,PRODUCTO
LLANTA,LF 084,265/65R17  LAUFENN LD01,"375,546",71353.74,"446,900",4,PRODUCTO
LLANTA,HK733,215/55R18V XL PR04 H452 HANKOOK,"457,059",86841.21,"543,900",2,PRODUCTO
LLANTA,HK017030,225/45ZR18Y XL PR04 K120 HANKOOK,"460,420",87479.8,"547,900",3,PRODUCTO
LLANTA,KM017030,225/40R18 KUMHO,"322,238",61225.22,"383,463",4,PRODUCTO
LLANTA,GL733,215/55R18 GALLANT,"239,491",45503.29,"284,994",8,PRODUCTO
LLANTA,CS733,215/55R18 COSMO,"308,900",58691,"367,591",4,PRODUCTO
LLANTA,CP733,215/55R18 COOPER,"495,900",94221,"590,121",4,PRODUCTO
LLANTA,GL735,225/55R18 GALLANT,"268,645",51042.55,"319,688",4,PRODUCTO
LLANTA,KM735,225/55R18 KUMHO,"385,716",73286.04,"459,002",4,PRODUCTO
LLANTA,HK735,225/55R18V PR04 K125 HK,"483,950",91950.5,"575,901",4,PRODUCTO
LLANTA,FK736,225/60R18 FALKEN,"439,900",83581,"523,481",4,PRODUCTO
LLANTA,HK017039,215/45R18 PR04K120 HANKOOK,"434,370",82530.3,"516,900",0,PRODUCTO
LLANTA,HK734,235/50ZR18Y PR04 K120 HANKOOK,"505,798",96101.62,"601,900",4,PRODUCTO
LLANTA,LF017032,235/55ZR18WPR04 LH01 LAUFENN,"325,126",61773.94,"386,900",0,PRODUCTO
LLANTA,HK018,235/55R18 RA33 HANKOOK ,"521,765",99135.35,"620,900",0,PRODUCTO
LLANTA,HK081, 235/60R18V PR04 RA33 HANKOOK,"511,681",97219.39,"608,900",0,PRODUCTO
LLANTA,KM018,235/55R18 KUMHO,"400,468",76088.92,"476,557",6,PRODUCTO
LLANTA,KM081,235/60R18 KUMHO,"439,184",83444.96,"522,629",4,PRODUCTO
LLANTA,LF081,235/60R18TPR04 LD01 X FIT HT LAUFEN,"349,496",66404.24,"415,900",0,PRODUCTO
LLANTA,HK069-RF11,265/60R18PR04 RF11 HANKOOK,"589,832",112068.08,"701,900",2,PRODUCTO
LLANTA,HK017088,225/45ZR19K120 HANKOOK,"567,983",107916.77,"675,900",5,PRODUCTO
LLANTA,LF017033,225/55R19 LAUFENN,"395,714",75185.66,"470,900",4,PRODUCTO
LLANTA,KM017034,235/50R19 KUMHO,"476,673",90567.87,"567,241",4,PRODUCTO
LLANTA,,245/45R19 KUMHO,"418,642",79541.98,"498,184",4,PRODUCTO
LLANTA,,225/45R19 GALLANT,"220,686",41930.34,"262,616",4,PRODUCTO
LLANTA,,235/50R19 FALKEN,"429,500",81605,"511,105",2,PRODUCTO
LLANTA,LF 017034,235/50R19PR04 LH01 LAUFENN,"385,630",73269.7,"458,900",2,PRODUCTO
BATERIA,24R900MC ,BATERIA AUTO MAC,"356,303",67697.57,"424,001",4,PRODUCTO
BATERIA,24R1150MG,BATERIA MAC GOLD,"426,940",81118.6,"508,059",2,PRODUCTO
BETERIA ,27R1100MC,BATERIA AUTO MAC,"392,420",74559.8,"466,980",3,PRODUCTO
BATERIA,271100MC,BATERÍA MAC 1100,"392,420",74559.8,"466,980",5,PRODUCTO
BATERIA,271150MC,BATERÍA MAC 1100,"404,960",76942.4,"481,902",4,PRODUCTO
BATERIA,27R1150MC,BATERÍA MAC 1150A ,"404,960",76942.4,"481,902",4,PRODUCTO
BATERIA,271250MG,BATERÍA AUTO MAC GOLD,"485,670",92277.3,"577,947",2,PRODUCTO
BATERIA,27R1250MG,BATERÍA AUTO SLI,"465,966",88533.54,"554,500",2,PRODUCTO
BATERIA,31T1250,BATERÍA AUTO MAC GOLD,"494,730",93998.7,"588,729",4,PRODUCTO
BATERIA,31H1250MC,BATERÍA MAC 1150A ,"462,210",87819.9,"550,030",6,PRODUCTO
BATERIA,34RST950MC,BATERÍA MAC 950A ,"322,269",61231.11,"383,500",2,PRODUCTO
BATERIA,34ST950MC,BATERIA MAC 950,"348,440",66203.6,"414,644",7,PRODUCTO
BATERIA,34ST1100 MAC,BATERÍA MAC 1100,"404,020",76763.8,"480,784",2,PRODUCTO
BATERIA,651100MAC,BATERIA  AUTO MAC,"375,546",71353.74,"446,900",1,PRODUCTO
BATERIA,34RST1100MAC,BATERÍA MAC 1100 ,"384,780",73108.2,"457,888",4,PRODUCTO
BATERIA,34RST1200M,BATERIA MAC GOLD 1200,"418,900",79591,"498,491",2,PRODUCTO
BATERIA,34ST1200M,BATERIA MAC GOLD 1200,"436,370",82910.3,"519,280",2,PRODUCTO
BATERIA,35800MAC,BATERÍA MAC 800,"359,900",68381,"428,281",6,PRODUCTO
BATERIA,36IST750 MC,BATERÍA MAC 750,"263,010",49971.9,"312,982",4,PRODUCTO
BATERIA,NS40560TXP,BATERÍA POWERTAXI 560A,"166,807",31693.33,"198,500",0,PRODUCTO
BATERIA,NS40L560TXP,BATERÍA POWERTAXI 560A,"159,180",30244.2,"189,424",0,PRODUCTO
BATERIA,NS40HDL560TXP,BATERÍA POWERTAXI 560A   (VIEJAS),"146,975",27925.25,"174,900",0,PRODUCTO
BATERIA,NS40L670MC,BATERIA MAC 670,"202,292",38435.48,"240,727",0,PRODUCTO
BATERIA,NS40HDL670MC,BATERIA MAC HDL670,"202,292",38435.48,"240,727",0,PRODUCTO
BATERIA,NS40HDL700 MC,,"261,470",49679.3,"311,149",3,PRODUCTO
BATERIA,NS60L700MC,BATERÍA MAC ,"261,470",49679.3,"311,149",2,PRODUCTO
BATERIA,NS40700MC,BATERÍA MAC,"236,220",44881.8,"281,102",3,PRODUCTO
BATERIA,NS60ZL750,BATERIA AUTO SLI SURE,"331,680",63019.2,"394,699",1,PRODUCTO
BATERIA,NS60Z750M,BATERIA AUTO SLI SURE,"302,250",57427.5,"359,678",1,PRODUCTO
BATERIA,NS60S700MC,BATERÍA MAC,"275,440",52333.6,"327,774",3,PRODUCTO
BATERIA,42ST750 MC,BATERIA MAC,"237,150",45058.5,"282,209",0,PRODUCTO
BATERIA,42IST750MC,BATERIA AUTO MAC SILVER,"216,723",41177.37,"257,900",9,PRODUCTO
BATERIA,42IST850MC,BATERÍA MAC,"262,103",49799.57,"311,903",5,PRODUCTO
BATERIA,42IST900MG,BATERÍA MAC GOLD,"284,958",54142.02,"339,100",5,PRODUCTO
BATERIA,47850MAC,BATERÍA MAC ,"286,740",54480.6,"341,221",0,PRODUCTO
BATERIA,47R850MAC,BATERÍA MAC ,"255,378",48521.82,"303,900",0,PRODUCTO
BATERIA,47950MAC,BATERÍA MAC,"249,160",47340.4,"296,500",22,PRODUCTO
BATERIA,47R950 MC,BATERÍA MAC,"298,700",56753,"355,453",4,PRODUCTO
BATERIA,48IST950MC ,BATERÍA MAC ,"283,370",53840.3,"337,210",0,PRODUCTO
BATERIA,48ST950MC ,BATERÍA MAC ,"260,672",49527.68,"310,200",0,PRODUCTO
BATERIA,48IST1150MG,BATERÍA AUTO MAC GOLD,"391,380",74362.2,"465,742",0,PRODUCTO
BATERIA,48IST1250,BATERÍA SLI SURE TOP ,"361,540",68692.6,"430,233",2,PRODUCTO
BATERIA,48IST1300 MG,,"371,008",70491.52,"441,500",4,PRODUCTO
BATERIA,49ST1200MC,BATERÍA MAC ,"447,755",85073.45,"532,828",2,PRODUCTO
BATERIA,85900MC,BATERIA AUTO MAC SILVER(+-),"311,549",59194.31,"370,743",1,PRODUCTO
BATERIA,86900MC,BATERIA AUTO MAC SILVER(+-),"306,000",58140,"364,140",1,PRODUCTO
BATERIA,L1ST800MG,BATERIA MAC GOLD,"306,840",58299.6,"365,140",5,PRODUCTO
BATERIA,LN2850MC,BATERIA AUTO SLI SURE TOP,"327,710",62264.9,"389,975",6,PRODUCTO
BATERIA,LN2-M,,"747,430",142011.7,"889,442",1,PRODUCTO
BATERIA,LN3-M,BATERIA MAC LN3-AGM,"739,748",140552.12,"880,300",2,PRODUCTO
BATERIA,LN4-M ,BATERIA MAC LN4- (-+) AGM,"813,697",154602.43,"968,299",1,PRODUCTO
BATERIA,LN31200MC ,BATERIA AUTO SLI SURE,"459,670",87337.3,"547,007",2,PRODUCTO
BATERIA,94R1200MC,BATERIA SLI SURE TOP ,"525,640",99871.6,"625,512",1,PRODUCTO
BATERIA,48IST1000,,"275,210",52289.9,"327,500",5,PRODUCTO
CAJA ,5009,PESA ADHESIVA,"5,798",1101.62,"6,900",0,PRODUCTO
BOMBILLO AUTO,31NAR48328      H7,BOMBILLO AUTO HALOGENO 12V TIPO: H-7 55 WATTIOS,"12,035",2286.65,"14,322",1,PRODUCTO
BOMBILLO AUTO,31NAR17177,BOMBILLO AUTO MINIATURA 12VTIPO: 158,826,156.94,983,18,PRODUCTO
BOMBILLO AUTO,31 NAR 17635,BOMBILLO AUTO MINIATURA 12V TIPO: 158,"1,044",198.36,"1,242",8,PRODUCTO
BOMBILLO AUTO,31 NAR 17916,BOMBILLO AUTO MINIATURA  P21/5W,"1,268",240.92,"1,509",3,PRODUCTO
BOMBILLO AUTO,31 NAR 48321,BOMBILLO AUTO MINIATURA 12V TIPO: 1034,"1,359",258.21,"1,617",8,PRODUCTO
BOMBILLO AUTO,31 NAR 17631,BOMBILLO AUTO HALOGENO 12V TIPO: H-3 55 WATTIOS EXPLORADORA,"4,359",828.21,"5,187",4,PRODUCTO
BOMBILLO AUTO,31 NAR 48881     H4,BOMBILLO AUTO HALOGENO 12V TIPO: H4 WATTIOS,"8,354",1587.26,"9,941",7,PRODUCTO
ANTISULFATANT,32 PHA BC2,ANTISULFATANT PARA BOME BATERIA PHATRA,720,136.8,857,0,PRODUCTO
BORNES,32 PHA P900,BORNES TIPO CHAPETA  CORRIENTE CON TORNILLO PHATRA,"3,973",754.87,"4,728",0,PRODUCTO
BOMBILLO AUTO,7443 HELLA,BOMBILLO AUTO MINIATURA 12V  21/5W ,"4,587",871.53,"5,459",2,PRODUCTO
BORNES,31 NAR 48076,BORNES DE BRONCE TIPO PESADO PHATRA,"5,480",1041.2,"6,521",0,PRODUCTO
BOMBILLO AUTO,NAR17945,BOMBILLO AUTO MINIATURA DOBLE FILAMENTO,"5,104",969.76,"6,074",10,PRODUCTO
PLUMILLA ,14 PULGADAS,PLUMILLA RAIN FORCE 14 PULGADAS,"20,000",3800,"23,800",0,PRODUCTO
PLUMILLA ,16 PULGADAS,PLUMILLA RAIN FORCE 16 PULGADAS,"20,000",3800,"23,800",0,PRODUCTO
PLUMILLA ,18 PULGADAS,PLUMILLA RAIN FORCE 18 PULGADAS,"20,000",3800,"23,800",0,PRODUCTO
PLUMILLA,19 PULGADAS,PLUMILLA RAIN FORCE 19 PULGADAS,"24,369",4630.11,"28,999",0,PRODUCTO
PLUMILLA,20 PULGADAS,PLUMILLA RAIN FORCE 20 PULGADAS,"20,000",3800,"23,800",0,PRODUCTO
PLUMILLA,22 PULGADAS,PLUMILLA RAIN FORCE 22 PULGADAS,"22,000",4180,"26,180",0,PRODUCTO
PLUMILLA,24 PULGADAS,PLUMILLA RAIN FORCE 24 PULGADAS,"22,000",4180,"26,180",0,PRODUCTO
PLUMILLA,26 PULGADAS,PLUMILLA RAIN FORCE 26 PULGADAS,"22,000",4180,"26,180",0,PRODUCTO
PLUMILLA,14PULGADAS,PLUMILLA STEALTH HYBRID  14 PULGADAS,"31,000",5890,"36,890",2,PRODUCTO
PLUMILLA,16 PULGADAS,PLUMILLA STEALTH HYBRID  16 PULGADAS,"31,000",5890,"36,890",5,PRODUCTO
PLUMILLA,18 PULGADAS,PLUMILLA STEALTH HYBRID 18 PULGADAS,"31,000",5890,"36,890",0,PRODUCTO
PLUMILLA,19 PULGADAS,PLUMILLA STEALTH HYBRID 19 PULGADAS,"43,697",8302.43,"51,999",0,PRODUCTO
PLUMILLA,20 PULGADAS,PLUMILLA STEALTH HYBRID  20 PULGADAS,"31,000",5890,"36,890",0,PRODUCTO
PLUMILLA,22 PULGADAS,PLUMILLA   STEALTH HYBRID 22 PULGADAS,"31,000",5890,"36,890",0,PRODUCTO
PLUMILLA,24 PULGADAS,PLUMILLA STEALTH HYBRID 24 PULGADAS,"31,000",5890,"36,890",0,PRODUCTO
PLUMILLA,26 PULGADAS,PLUMILLA STEALTH HYBRID 26 PULGADAS,"31,000",5890,"36,890",0,PRODUCTO
PLUMILLA,14 PULGADAS,PLUMILLA SILICO AEROTEWIN WURTH,"17,950",3410.5,"21,361",10,PRODUCTO
PLUMILLA,16 PULGADAS,PLUMILLA SILICO AEROTEWIN WURTH,"18,950",3600.5,"22,551",13,PRODUCTO
PLUMILLA,18 PULGADAS,PLUMILLA SILICO AEROTEWIN WURTH,"18,950",3600.5,"22,551",9,PRODUCTO
PLUMILLA,20 PULGADAS,PLUMILLA SILICO AEROTEWIN WURTH,"18,950",3600.5,"22,551",4,PRODUCTO
PLUMILLA,21 PULGADAS,PLUMILLA SILICO AEROTEWIN WURTH,"18,950",3600.5,"22,551",7,PRODUCTO
PLUMILLA,22 PULGADAS,PLUMILLA SILICO AEROTEWIN WURTH,"18,950",3600.5,"22,551",9,PRODUCTO
PLUMILLA,24 PULGADAS,PLUMILLA SILICO AEROTEWIN WURTH,"18,950",3600.5,"22,551",6,PRODUCTO
PLUMILLA,26 PULGADAS,PLUMILLA SILICO AEROTEWIN WURTH,"18,950",3600.5,"22,551",2,PRODUCTO
PLUMILLA,18 PULGADAS,PLUMILLA MOTRIO 18 PULGADAS,"31,000",5890,"36,890",2,PRODUCTO
PLUMILLA,20 PULGADAS,PLUMILLA  MOTRIO 20 PULGADAS,"31,000",5890,"36,890",2,PRODUCTO
PLUMILLA,16 PULGADAS,PLUMILLA COEXITO  16 PULGADAS,"15,000",2850,"17,850",1,PRODUCTO
PLUMILLA,22 PULGADAS,PLUMILLA COEXITO  22 PULGADAS,"15,000",2850,"17,850",0,PRODUCTO
PLUMILLA,10 PULGADAS,PLUMILLA REXION TRASERA REAR,"20,252",3847.88,"24,100",2,PRODUCTO
PLUMILLA,12 PULGADAS,PLUMILLA REXION TRASERA REAR,"20,252",3847.88,"24,100",2,PRODUCTO
PLUMILLA,14 PULGADAS,PLUMILLA REXION TRASERA REAR,"20,252",3847.88,"24,100",2,PRODUCTO
PLUMILLA,14 PULGADAS,PLUMILLA REXION SOFT,"24,201",4598.19,"28,799",5,PRODUCTO
PLUMILLA,16 PULGADAS,PLUMILLA REXION SOFT,"24,201",4598.19,"28,799",5,PRODUCTO
PLUMILLA,18 PULGADAS,PLUMILLA REXION SOFT,"24,201",4598.19,"28,799",4,PRODUCTO
PLUMILLA,20 PULGADAS,PLUMILLA REXION SOFT,"24,201",4598.19,"28,799",6,PRODUCTO
PLUMILLA,22 PULGADAS,PLUMILLA REXION SOFT,"24,201",4598.19,"28,799",4,PRODUCTO
PLUMILLA,24 PULGADAS,PLUMILLA REXION SOFT,"24,201",4598.19,"28,799",5,PRODUCTO
PLUMILLA,26 PULGADAS,PLUMILLA REXION SOFT,"24,201",4598.19,"28,799",2,PRODUCTO
PLUMILLA,14 PULGADAS,PLUMILLA REXION FLAT,"14,957",2841.83,"17,799",2,PRODUCTO
PLUMILLA,16 PULGADAS,PLUMILLA REXION FLAT,"14,957",2841.83,"17,799",3,PRODUCTO
PLUMILLA,18 PULGADAS,PLUMILLA REXION FLAT,"14,957",2841.83,"17,799",3,PRODUCTO
PLUMILLA,20 PULGADAS,PLUMILLA REXION FLAT,"14,957",2841.83,"17,799",3,PRODUCTO
PLUMILLA,22 PULGADAS,PLUMILLA REXION FLAT,"14,957",2841.83,"17,799",4,PRODUCTO
PLUMILLA,24 PULGADAS,PLUMILLA REXION FLAT,"14,957",2841.83,"17,799",3,PRODUCTO
PLUMILLA,26 PULGADAS,PLUMILLA REXION FLAT,"14,957",2841.83,"17,799",2,PRODUCTO
